Scheme,flb,flb(test)
65536,0.000000,0.000000
73728,0.000000,0.000000
81920,0.000000,0.000000
90112,0.000000,0.000000
98304,0.000000,0.000000
106496,0.000000,0.000000
114688,0.000029,0.000000
122880,0.000000,0.000000
131072,0.000000,0.000000