flowsize(normailized),fct(no broken),fct(broken)
4,0.047284,1.730206
8,0.054218,1.714132
12,0.067887,1.77045
16,0.067887,1.777152
24,0.134438,1.793393
30,0.180164,1.853267