imbalance(Normalized),ECMP,Consistent
15,3.26169884566,2.9442709
20,2.99977679165,2.8653139
25,1.74026894906,1.6132292
30,1.01972920107,0.968956
35,0.315885549168,0.2960776